year,day,hour_min,temp_act1,temp1_q,pave_cond,pave_cond_q,wind_spd_act,wind_dir_act
2017,26,200,0.726,500.0,24.0,500.0,1.694,61.53
2017,26,300,0.539,500.0,24.0,500.0,4.022,27.96
2017,26,400,0.687,500.0,24.0,500.0,4.163,11.01
2017,26,500,0.814,500.0,24.0,500.0,7.197,65.68
2017,26,600,0.603,500.0,24.0,500.0,1.129,61.07
2017,26,700,0.396,500.0,24.0,500.0,2.399,147.5
2017,26,800,-0.007,500.0,24.0,500.0,0.917,51.89
2017,26,900,0.363,500.0,24.0,500.0,1.411,10.69
2017,26,1000,2.242,500.0,24.0,500.0,2.611,49.89
2017,26,1100,3.81,500.0,33.0,500.0,5.857,102.6
2017,26,1200,3.805,500.0,33.0,500.0,3.246,98.2
2017,26,1300,4.404,500.0,33.0,500.0,2.823,93.1
2017,26,1400,4.313,500.0,33.0,500.0,1.129,234.4
2017,26,1500,4.22,500.0,33.0,500.0,2.117,188.1
2017,26,1600,2.827,500.0,33.0,500.0,0.988,0.24
2017,26,1700,0.598,500.0,33.0,500.0,2.893,350.7
2017,26,1800,-0.985,500.0,24.0,500.0,0.0,337.5
2017,26,1900,-1.676,500.0,24.0,500.0,2.54,57.2
2017,26,2000,-1.177,500.0,24.0,500.0,0.0,327.1
2017,26,2100,-1.758,500.0,24.0,500.0,0.565,349.2
2017,26,2200,-2.24,500.0,24.0,500.0,3.034,97.5
2017,26,2300,-2.616,500.0,24.0,500.0,2.681,13.77
2017,27,0,-2.619,500.0,24.0,500.0,0.635,102.8
2017,27,100,-1.901,500.0,24.0,500.0,0.0,32.86
2017,27,200,-1.52,500.0,24.0,500.0,0.847,331.9
2017,27,300,-1.902,500.0,24.0,500.0,5.363,107.4
2017,27,400,-1.646,500.0,24.0,500.0,1.129,24.32
2017,27,500,-1.467,500.0,24.0,500.0,0.847,0.935
2017,27,600,-1.18,500.0,24.0,500.0,2.046,19.84
2017,27,700,-1.082,500.0,24.0,500.0,0.917,71.7
2017,27,800,-1.044,500.0,24.0,500.0,0.988,6.668
2017,27,900,-0.507,500.0,24.0,500.0,1.623,95.2
2017,27,1000,0.613,500.0,24.0,500.0,0.0,88.6
2017,27,1100,3.167,500.0,33.0,500.0,2.117,145.0
2017,27,1200,4.179,500.0,33.0,500.0,3.387,181.3
2017,27,1300,4.324,500.0,23.0,500.0,2.187,153.4
2017,27,1400,5.179,500.0,23.0,500.0,2.187,207.6
2017,27,1500,3.341,500.0,33.0,500.0,0.0,337.8
2017,27,1600,2.12,500.0,23.0,500.0,0.917,327.1
2017,27,1700,1.232,500.0,23.0,500.0,1.411,329.4
2017,27,1800,0.979,500.0,24.0,500.0,1.764,318.0
2017,27,1900,0.747,500.0,24.0,500.0,3.81,72.02
2017,27,2000,0.099,500.0,24.0,500.0,0.0,218.2
2017,27,2100,-0.825,500.0,24.0,500.0,0.0,65.99
2017,27,2200,-1.418,500.0,24.0,500.0,0.141,278.4
2017,27,2300,-1.732,500.0,24.0,500.0,3.387,20.65
2017,28,0,-1.762,500.0,24.0,500.0,0.0,302.1
2017,28,100,-2.179,500.0,24.0,500.0,1.411,62.65
2017,28,200,-2.289,500.0,24.0,500.0,2.046,9.86
2017,28,300,-2.671,500.0,24.0,500.0,1.059,37.57
2017,28,400,-2.761,500.0,24.0,500.0,1.411,342.8
2017,28,500,-2.754,500.0,24.0,500.0,4.728,16.46
2017,28,600,-2.959,500.0,24.0,500.0,0.0,32.48
2017,28,700,-3.053,500.0,24.0,500.0,0.0,101.4
2017,28,800,-3.109,500.0,24.0,500.0,2.752,348.2
2017,28,900,-2.281,500.0,24.0,500.0,0.847,319.2
2017,28,1000,-1.029,500.0,34.0,500.0,0.988,184.3
2017,28,1100,1.159,500.0,34.0,500.0,0.353,286.0
2017,28,1200,2.494,500.0,24.0,500.0,0.141,290.9
2017,28,1300,5.143,500.0,33.0,500.0,0.0,248.6
2017,28,1400,4.082,500.0,33.0,500.0,2.187,323.9
2017,28,1500,4.275,500.0,23.0,500.0,1.2,318.0
2017,28,1600,2.955,500.0,33.0,500.0,0.988,351.8
2017,28,1700,1.292,500.0,34.0,500.0,2.258,17.02
2017,28,1800,0.178,500.0,24.0,500.0,0.0,8.73
2017,28,1900,0.065,500.0,24.0,500.0,0.0,15.78
2017,28,2000,0.294,500.0,24.0,500.0,0.0,259.0
2017,28,2100,0.057,500.0,24.0,500.0,0.0,3.884
2017,28,2200,-0.171,500.0,24.0,500.0,0.0,328.7
2017,28,2300,-0.133,500.0,24.0,500.0,2.823,66.14
2017,29,0,-0.189,500.0,24.0,500.0,0.988,0.192
2017,29,100,-0.197,500.0,24.0,500.0,2.399,254.0
2017,29,200,-0.372,500.0,24.0,500.0,1.482,13.29
2017,29,300,-0.416,500.0,24.0,500.0,0.0,28.11
2017,29,400,-0.089,500.0,24.0,500.0,1.411,332.9
2017,29,500,-0.232,500.0,24.0,500.0,0.0,7.338
2017,29,600,-0.5,500.0,24.0,500.0,0.0,120.1
2017,29,700,-0.172,500.0,24.0,500.0,5.433,83.0
2017,29,800,-0.132,500.0,24.0,500.0,0.565,49.83
2017,29,900,-0.055,500.0,24.0,500.0,4.093,211.7
2017,29,1000,1.33,500.0,24.0,500.0,2.47,261.3
2017,29,1100,2.456,500.0,23.0,500.0,2.823,142.9
2017,29,1200,1.829,500.0,23.0,500.0,4.445,197.7
2017,29,1300,1.911,500.0,23.0,500.0,2.611,111.3
2017,29,1400,2.251,500.0,23.0,500.0,7.197,58.32
2017,29,1500,2.3,500.0,23.0,500.0,2.258,347.1
2017,29,1600,2.339,500.0,23.0,500.0,1.835,171.5
2017,29,1700,2.339,500.0,23.0,500.0,6.209,221.0
2017,29,1800,3.032,500.0,23.0,500.0,6.986,192.2
2017,29,1900,3.397,500.0,23.0,500.0,3.528,173.3
2017,29,2000,2.868,500.0,23.0,500.0,4.093,63.28
2017,29,2100,2.344,500.0,23.0,500.0,1.411,22.87
2017,29,2200,1.577,500.0,23.0,500.0,0.0,352.3
2017,29,2300,1.157,500.0,24.0,500.0,0.0,31.88
2017,30,0,0.644,500.0,24.0,500.0,2.681,337.2
2017,30,100,0.192,500.0,24.0,500.0,2.964,62.2
2017,30,200,-0.186,500.0,24.0,500.0,3.881,54.24
2017,30,300,0.161,500.0,24.0,500.0,3.387,352.3
2017,30,400,-0.187,500.0,24.0,500.0,3.316,67.19
2017,30,500,-0.464,500.0,24.0,500.0,2.329,348.8
2017,30,600,-0.897,500.0,24.0,500.0,2.893,48.78
2017,30,700,-1.73,500.0,24.0,500.0,5.857,352.6
2017,30,800,-1.786,500.0,24.0,500.0,2.823,352.4
2017,30,900,-1.825,500.0,24.0,500.0,7.691,19.07
2017,30,1000,-0.698,500.0,34.0,500.0,7.55,76.9
2017,30,1100,0.178,500.0,33.0,500.0,6.421,64.67
2017,30,1200,1.1,500.0,23.0,500.0,3.034,21.0
2017,30,1300,1.884,500.0,23.0,500.0,5.857,9.08
2017,30,1400,1.811,500.0,33.0,500.0,8.33,348.2
2017,30,1500,1.713,500.0,23.0,500.0,2.329,33.05
2017,30,1600,1.335,500.0,23.0,500.0,0.988,334.0
2017,30,1700,0.435,500.0,23.0,500.0,3.175,313.7
2017,30,1800,-0.093,500.0,24.0,500.0,2.964,30.74
2017,30,1900,-1.151,500.0,34.0,500.0,4.728,43.19
2017,30,2000,-2.281,500.0,34.0,500.0,7.55,25.38
2017,30,2100,-2.605,500.0,38.0,500.0,4.939,53.49
2017,30,2200,-2.92,500.0,38.0,500.0,16.72,30.28
2017,30,2300,-3.707,500.0,38.0,500.0,5.927,337.0
2017,31,0,-4.351,500.0,38.0,500.0,6.351,36.76
2017,31,100,-4.811,500.0,38.0,500.0,7.197,96.1
2017,31,200,-4.764,500.0,38.0,500.0,4.657,27.7
2017,31,300,-5.435,500.0,38.0,500.0,3.387,2.64
2017,31,400,-5.533,500.0,38.0,500.0,5.574,348.5
2017,31,500,-5.646,500.0,38.0,500.0,5.433,15.89
2017,31,600,-5.916,500.0,38.0,500.0,9.1,347.4
2017,31,700,-5.891,500.0,38.0,500.0,5.433,10.8
2017,31,800,-6.09,500.0,38.0,500.0,10.09,22.32
2017,31,900,-5.586,500.0,28.0,500.0,5.786,35.02
2017,31,1000,-2.93,500.0,38.0,500.0,8.54,16.07
2017,31,1100,-0.645,500.0,38.0,500.0,4.445,49.92
2017,31,1200,0.64,500.0,33.0,500.0,3.387,36.41
2017,31,1300,1.454,500.0,33.0,500.0,6.421,347.3
2017,31,1400,1.155,500.0,33.0,500.0,5.504,8.48
2017,31,1500,0.521,500.0,33.0,500.0,6.774,11.93
2017,31,1600,-0.586,500.0,33.0,500.0,8.26,28.72
2017,31,1700,-2.196,500.0,38.0,500.0,6.703,35.37
2017,31,1800,-3.336,500.0,137.0,500.0,5.151,0.192
2017,31,1900,-4.016,500.0,137.0,500.0,7.691,26.18
2017,31,2000,-4.959,500.0,137.0,500.0,2.681,73.09
2017,31,2100,-5.517,500.0,137.0,500.0,3.175,45.94
2017,31,2200,-5.857,500.0,137.0,500.0,5.363,75.1
2017,31,2300,-5.706,500.0,137.0,500.0,6.703,95.6
2017,32,0,-6.637,500.0,137.0,500.0,4.798,337.9
2017,32,100,-7.045,500.0,137.0,500.0,2.964,333.4
2017,32,200,-6.898,500.0,137.0,500.0,1.976,17.53
2017,32,300,-6.543,500.0,137.0,500.0,3.951,90.1
2017,32,400,-6.646,500.0,137.0,500.0,0.917,283.2
2017,32,500,-7.501,500.0,137.0,500.0,2.258,308.7
2017,32,600,-7.539,500.0,137.0,500.0,8.75,339.5
2017,32,700,-7.057,500.0,137.0,500.0,3.458,53.74
2017,32,800,-6.402,500.0,137.0,500.0,7.409,265.5
2017,32,900,-5.253,500.0,127.0,500.0,8.96,69.28
2017,32,1000,-2.933,500.0,137.0,500.0,3.105,347.4
2017,32,1100,-1.408,500.0,138.0,500.0,17.99,58.31
2017,32,1200,-0.862,500.0,33.0,500.0,9.24,48.99
2017,32,1300,-0.036,500.0,33.0,500.0,20.25,114.6
2017,32,1400,0.186,500.0,33.0,500.0,6.633,207.8
2017,32,1500,0.659,500.0,33.0,500.0,4.798,58.75
2017,32,1600,-0.251,500.0,33.0,500.0,1.764,21.19
2017,32,1700,-1.378,500.0,137.0,500.0,2.399,17.53
2017,32,1800,-2.484,500.0,137.0,500.0,3.387,29.7
2017,32,1900,-3.529,500.0,137.0,500.0,2.329,6.814
2017,32,2000,-4.144,500.0,137.0,500.0,5.574,340.8
2017,32,2100,-5.259,500.0,137.0,500.0,4.657,328.2
2017,32,2200,-5.562,500.0,137.0,500.0,2.893,302.8
2017,32,2300,-5.886,500.0,137.0,500.0,2.329,6.673
2017,33,0,-6.338,500.0,137.0,500.0,2.893,350.4
2017,33,100,-6.524,500.0,137.0,500.0,8.61,7.898
2017,33,200,-5.917,500.0,137.0,500.0,6.351,11.81
2017,33,300,-6.071,500.0,137.0,500.0,4.163,343.8
2017,33,400,-6.22,500.0,137.0,500.0,4.093,312.8
2017,33,500,-6.528,500.0,137.0,500.0,5.433,354.3
2017,33,600,-6.912,500.0,137.0,500.0,8.4,7.251
2017,33,700,-7.048,500.0,137.0,500.0,16.44,21.37
2017,33,800,-7.273,500.0,137.0,500.0,4.869,328.9
2017,33,900,-6.07,500.0,127.0,500.0,7.691,34.62
2017,33,1000,-4.614,500.0,137.0,500.0,11.36,44.47
2017,33,1100,-3.034,500.0,137.0,500.0,7.056,45.21
2017,33,1200,-2.339,500.0,33.0,500.0,2.611,178.8
2017,33,1300,-1.751,500.0,33.0,500.0,3.881,34.56
2017,33,1400,-1.029,500.0,33.0,500.0,17.85,11.19
2017,33,1500,-1.257,500.0,33.0,500.0,5.01,18.24
2017,33,1600,-1.857,500.0,38.0,500.0,8.75,314.2
2017,33,1700,-2.717,500.0,137.0,500.0,5.998,9.64
2017,33,1800,-3.813,500.0,127.0,500.0,7.338,8.01
2017,33,1900,-4.522,500.0,137.0,500.0,3.74,5.999
2017,33,2000,-5.759,500.0,137.0,500.0,7.409,331.1
2017,33,2100,-6.128,500.0,137.0,500.0,5.715,94.1
2017,33,2200,-6.233,500.0,137.0,500.0,8.68,52.45
2017,33,2300,-6.539,500.0,137.0,500.0,13.41,11.26
2017,34,0,-6.55,500.0,127.0,500.0,6.139,310.2
2017,34,100,-7.031,500.0,137.0,500.0,9.31,352.0
2017,34,200,-7.267,500.0,137.0,500.0,9.88,17.31
2017,34,300,-7.379,500.0,127.0,500.0,7.903,4.658
2017,34,400,-7.503,500.0,127.0,500.0,3.951,334.0
2017,34,500,-7.656,500.0,127.0,500.0,8.54,49.73
2017,34,600,-7.667,500.0,127.0,500.0,2.117,32.65
2017,34,700,-7.331,500.0,127.0,500.0,5.01,11.69
2017,34,800,-7.199,500.0,127.0,500.0,4.022,19.49
2017,34,900,-7.893,500.0,138.0,-100.0,4.163,75.51
2017,34,1000,-8.14,500.0,28.0,500.0,7.338,327.9
2017,34,1100,-7.803,500.0,127.0,500.0,10.37,352.8
2017,34,1200,-7.474,500.0,127.0,500.0,2.47,284.9
2017,34,1300,-7.02,500.0,127.0,500.0,10.65,92.0
2017,34,1400,-6.442,500.0,127.0,500.0,8.04,38.88
2017,34,1500,-6.125,500.0,127.0,500.0,12.7,37.58
2017,34,1600,-5.938,500.0,127.0,500.0,8.82,37.99
2017,34,1700,-6.217,500.0,28.0,-100.0,3.175,6.575
2017,34,1800,-6.334,500.0,28.0,500.0,7.55,92.8
2017,34,1900,-6.159,500.0,28.0,500.0,20.96,6.409
2017,34,2000,-6.11,500.0,28.0,500.0,9.74,9.36
2017,34,2100,-6.047,500.0,28.0,500.0,15.59,29.07
2017,34,2200,-5.728,500.0,28.0,500.0,13.12,95.5
2017,34,2300,-5.718,500.0,28.0,500.0,4.939,92.4
2017,35,0,-6.043,500.0,127.0,500.0,6.986,34.37
2017,35,100,-6.108,500.0,127.0,500.0,10.23,47.67
2017,35,200,-6.16,500.0,127.0,500.0,18.13,81.2
2017,35,300,-6.426,500.0,127.0,500.0,6.562,37.37
2017,35,400,-6.496,500.0,127.0,500.0,13.19,45.89
2017,35,500,-6.5,500.0,127.0,500.0,18.42,36.08
2017,35,600,-6.449,500.0,127.0,500.0,6.139,18.84
2017,35,700,-6.474,500.0,127.0,500.0,8.75,129.1
2017,35,800,-6.497,500.0,127.0,500.0,4.375,77.02
2017,35,900,-6.383,500.0,127.0,500.0,16.09,13.61
2017,35,1000,-6.065,500.0,127.0,500.0,3.951,332.2
2017,35,1100,-5.514,500.0,127.0,500.0,15.17,40.34
2017,35,1200,-5.623,500.0,127.0,500.0,7.268,36.62
2017,35,1300,-5.021,500.0,127.0,500.0,13.83,47.27
2017,35,1400,-4.706,500.0,28.0,500.0,5.998,3.79
2017,35,1500,-4.802,500.0,24.0,500.0,13.48,60.73
2017,35,1600,-4.946,500.0,24.0,500.0,6.139,108.0
2017,35,1700,-5.407,500.0,24.0,500.0,6.915,36.86
2017,35,1800,-5.764,500.0,28.0,500.0,3.669,320.0
2017,35,1900,-5.883,500.0,127.0,500.0,10.8,15.43
2017,35,2000,-5.833,500.0,127.0,500.0,9.53,13.85
2017,35,2100,-5.99,500.0,127.0,500.0,6.351,0.192
2017,35,2200,-6.07,500.0,127.0,500.0,4.869,92.0
2017,35,2300,-6.162,500.0,127.0,500.0,1.2,77.14
2017,36,0,-6.208,500.0,127.0,500.0,12.91,46.2
2017,36,100,-6.401,500.0,127.0,500.0,3.951,65.12
2017,36,200,-6.699,500.0,127.0,500.0,7.621,2.232
2017,36,300,-6.884,500.0,127.0,500.0,8.61,83.5
2017,36,400,-7.026,500.0,127.0,500.0,5.574,44.48
2017,36,500,-7.174,500.0,127.0,500.0,2.752,179.7
2017,36,600,-7.359,500.0,127.0,500.0,3.669,24.67
2017,36,700,-7.465,500.0,127.0,500.0,9.24,51.92
2017,36,800,-7.706,500.0,127.0,500.0,1.764,139.5
2017,36,900,-7.385,500.0,128.0,500.0,3.458,324.6
2017,36,1000,-7.027,500.0,28.0,500.0,0.0,102.9
2017,36,1100,-5.773,500.0,34.0,500.0,2.329,336.8
2017,36,1200,-6.212,500.0,24.0,500.0,3.74,153.5
2017,36,1300,-6.01,500.0,24.0,500.0,9.1,108.2
2017,36,1400,-5.961,500.0,24.0,500.0,8.4,42.19
2017,36,1500,-5.826,500.0,28.0,500.0,7.691,42.12
2017,36,1600,-6.306,500.0,28.0,500.0,11.36,10.75
2017,36,1700,-6.842,500.0,137.0,500.0,9.67,34.32
2017,36,1800,-7.288,500.0,137.0,500.0,5.222,352.6
2017,36,1900,-7.753,500.0,137.0,500.0,4.798,22.03
2017,36,2000,-7.788,500.0,137.0,500.0,4.304,43.93
2017,36,2100,-7.978,500.0,127.0,500.0,11.64,15.7
2017,36,2200,-7.491,500.0,127.0,500.0,7.127,113.8
2017,36,2300,-7.365,500.0,127.0,500.0,5.01,26.24
2017,37,0,-7.455,500.0,127.0,500.0,7.197,53.21
2017,37,100,-7.397,500.0,127.0,500.0,20.04,23.93
2017,37,200,-7.646,500.0,127.0,500.0,7.409,19.63
2017,37,300,-7.865,500.0,127.0,500.0,9.88,45.34
2017,37,400,-7.933,500.0,127.0,500.0,1.129,92.8
2017,37,500,-8.11,500.0,127.0,500.0,5.645,19.69
2017,37,600,-8.48,500.0,128.0,500.0,10.3,28.31
2017,37,700,-8.68,500.0,28.0,500.0,8.47,53.45
2017,37,800,-8.7,500.0,28.0,500.0,6.28,63.8
2017,37,900,-8.29,500.0,28.0,500.0,5.08,118.7
2017,37,1000,-7.75,500.0,28.0,500.0,4.728,62.17
2017,37,1100,-6.709,500.0,38.0,500.0,10.58,71.61
2017,37,1200,-6.632,500.0,127.0,500.0,7.691,58.61
2017,37,1300,-5.836,500.0,127.0,500.0,6.703,23.44
2017,37,1400,-5.672,500.0,127.0,500.0,0.776,339.1
2017,37,1500,-5.904,500.0,127.0,500.0,7.973,63.64
2017,37,1600,-6.253,500.0,137.0,500.0,18.84,65.84
2017,37,1700,-6.806,500.0,137.0,500.0,13.69,64.45
2017,37,1800,-7.026,500.0,127.0,500.0,10.58,47.53
2017,37,1900,-7.465,500.0,128.0,500.0,11.57,66.08
2017,37,2000,-7.588,500.0,28.0,500.0,10.3,77.48
2017,37,2100,-7.412,500.0,28.0,500.0,8.47,31.83
2017,37,2200,-7.466,500.0,28.0,500.0,9.38,35.26
2017,37,2300,-7.779,500.0,28.0,500.0,3.599,348.0
2017,38,0,-7.873,500.0,28.0,500.0,6.068,45.85
2017,38,100,-8.22,500.0,28.0,500.0,2.399,300.8
2017,38,200,-8.42,500.0,28.0,500.0,2.611,342.2
2017,38,300,-8.66,500.0,127.0,500.0,8.89,353.6
2017,38,400,-8.96,500.0,127.0,500.0,4.093,20.03
2017,38,500,-9.18,500.0,127.0,500.0,12.35,76.74
2017,38,600,-9.42,500.0,127.0,500.0,19.76,23.75
2017,38,700,-9.57,500.0,127.0,500.0,11.5,14.98
2017,38,800,-9.88,500.0,137.0,500.0,14.32,68.08
2017,38,900,-8.85,500.0,127.0,500.0,5.222,61.12
2017,38,1000,-7.579,500.0,137.0,500.0,8.33,343.2
2017,38,1100,-6.629,500.0,137.0,500.0,21.87,95.3
2017,38,1200,-6.155,500.0,133.0,500.0,17.71,33.64
2017,38,1300,-5.393,500.0,33.0,500.0,17.71,36.46
2017,38,1400,-5.298,500.0,33.0,500.0,10.73,70.49
2017,38,1500,-5.354,500.0,33.0,500.0,5.857,143.5
2017,38,1600,-5.6,500.0,137.0,500.0,14.25,91.9
2017,38,1700,-6.488,500.0,137.0,500.0,18.49,22.18
2017,38,1800,-7.755,500.0,137.0,500.0,17.99,20.69
2017,38,1900,-8.56,500.0,137.0,500.0,4.022,323.6
2017,38,2000,-9.17,500.0,137.0,500.0,1.976,6.699
2017,38,2100,-9.93,500.0,137.0,500.0,4.728,6.845
2017,38,2200,-10.43,500.0,137.0,500.0,3.881,329.9
2017,38,2300,-10.55,500.0,137.0,500.0,10.02,28.32
2017,39,0,-11.0,500.0,137.0,500.0,6.562,15.32
2017,39,100,-10.49,500.0,127.0,500.0,7.409,350.6
2017,39,200,-10.2,500.0,127.0,500.0,6.562,354.2
2017,39,300,-10.29,500.0,127.0,500.0,5.645,26.16
2017,39,400,-10.88,500.0,137.0,500.0,3.81,1.561
2017,39,500,-11.38,500.0,137.0,500.0,5.645,0.6
2017,39,600,-11.55,500.0,137.0,500.0,11.71,5.621
2017,39,700,-11.64,500.0,237.0,500.0,6.351,350.2
2017,39,800,-11.39,500.0,127.0,500.0,3.175,74.03
2017,39,900,-10.71,500.0,137.0,500.0,10.87,28.03
2017,39,1000,-9.52,500.0,137.0,500.0,9.03,11.89
2017,39,1100,-8.29,500.0,137.0,500.0,12.56,26.45
2017,39,1200,-7.724,500.0,127.0,500.0,10.58,67.47
2017,39,1300,-7.628,500.0,127.0,500.0,11.57,75.66
2017,39,1400,-7.469,500.0,127.0,500.0,4.798,19.61
2017,39,1500,-7.416,500.0,127.0,500.0,9.46,338.8
2017,39,1600,-7.768,500.0,127.0,500.0,4.304,25.2
2017,39,1700,-8.24,500.0,28.0,500.0,4.657,283.2
2017,39,1800,-7.882,500.0,28.0,500.0,1.27,24.05
2017,39,1900,-8.15,500.0,28.0,500.0,4.587,334.5
2017,39,2000,-8.66,500.0,28.0,500.0,7.903,67.85
2017,39,2100,-8.63,500.0,28.0,500.0,3.599,26.94
2017,39,2200,-8.62,500.0,28.0,500.0,4.516,6.651
2017,39,2300,-8.77,500.0,28.0,500.0,13.69,99.5
2017,40,0,-8.67,500.0,28.0,500.0,20.25,17.82
2017,40,100,-8.65,500.0,28.0,500.0,10.3,16.47
2017,40,200,-8.47,500.0,28.0,500.0,8.82,0.192
2017,40,300,-8.36,500.0,28.0,500.0,10.65,344.6
2017,40,400,-8.29,500.0,28.0,500.0,8.33,67.45
2017,40,500,-8.28,500.0,28.0,500.0,1.623,325.7
2017,40,600,-8.14,500.0,28.0,500.0,18.2,354.1
2017,40,700,-8.08,500.0,28.0,500.0,6.209,0.192
2017,40,800,-8.03,500.0,28.0,500.0,1.27,68.85
2017,40,900,-7.524,500.0,28.0,500.0,14.32,35.33
2017,40,1000,-7.232,500.0,28.0,500.0,7.479,323.7
2017,40,1100,-7.003,500.0,28.0,500.0,12.14,39.17
2017,40,1200,-6.515,500.0,28.0,500.0,6.562,3.024
2017,40,1300,-6.216,500.0,28.0,500.0,3.81,24.7
2017,40,1400,-6.077,500.0,28.0,500.0,6.139,20.06
2017,40,1500,-5.258,500.0,28.0,500.0,4.869,35.13
2017,40,1600,-5.563,500.0,24.0,500.0,7.479,27.14
2017,40,1700,-5.448,500.0,24.0,500.0,10.87,30.81
2017,40,1800,-3.74,500.0,24.0,500.0,3.387,163.3
2017,40,1900,-1.9,500.0,34.0,500.0,2.187,19.15
2017,40,2000,-0.793,500.0,24.0,500.0,0.0,353.6
2017,40,2100,-0.314,500.0,24.0,500.0,4.163,87.5
2017,40,2200,-0.125,500.0,24.0,500.0,1.694,189.6
2017,40,2300,-0.05,500.0,24.0,500.0,2.47,274.4
2017,41,0,0.068,500.0,24.0,500.0,0.0,47.82
2017,41,100,0.165,500.0,24.0,500.0,2.964,72.19
2017,41,200,0.294,500.0,24.0,500.0,2.752,60.05
2017,41,300,0.308,500.0,24.0,500.0,1.764,196.6
2017,41,400,0.785,500.0,24.0,500.0,0.0,85.5
2017,41,500,0.668,500.0,24.0,500.0,2.258,264.8
2017,41,600,0.391,500.0,24.0,500.0,4.798,65.99
2017,41,700,0.051,500.0,24.0,500.0,1.2,332.7
2017,41,800,0.307,500.0,24.0,500.0,6.915,304.9
2017,41,900,1.719,500.0,34.0,500.0,3.246,116.3
2017,41,1000,2.066,500.0,23.0,500.0,3.458,144.6
2017,41,1100,2.585,500.0,33.0,500.0,6.774,161.6
2017,41,1200,2.777,500.0,23.0,500.0,6.844,166.1
2017,41,1300,2.94,500.0,23.0,500.0,11.29,206.7
2017,41,1400,2.26,500.0,33.0,500.0,9.46,277.0
2017,41,1500,2.06,500.0,23.0,500.0,7.056,213.5
2017,41,1600,1.831,500.0,23.0,500.0,3.881,70.47
2017,41,1700,1.7,500.0,23.0,500.0,11.85,239.8
2017,41,1800,1.163,500.0,33.0,500.0,8.68,222.7
2017,41,1900,0.213,500.0,28.0,500.0,12.0,255.9
2017,41,2000,0.002,500.0,128.0,500.0,3.316,281.4
2017,41,2100,-0.066,500.0,28.0,500.0,1.623,301.0
2017,41,2200,-0.114,500.0,28.0,500.0,3.034,96.2
2017,41,2300,-0.174,500.0,24.0,500.0,2.046,84.7
2017,42,0,-0.288,500.0,24.0,500.0,4.657,91.9
2017,42,100,-0.415,500.0,24.0,500.0,0.0,26.67
2017,42,200,-0.495,500.0,24.0,500.0,4.163,122.6
2017,42,300,-0.572,500.0,24.0,500.0,3.599,115.2
2017,42,400,-0.467,500.0,24.0,500.0,1.341,88.4
2017,42,500,-0.368,500.0,24.0,500.0,1.411,63.75
2017,42,600,-0.657,500.0,24.0,500.0,0.0,343.3
2017,42,700,-0.849,500.0,24.0,500.0,0.0,17.89
2017,42,800,-0.9,500.0,24.0,500.0,0.0,318.0
2017,42,900,-0.227,500.0,24.0,500.0,0.0,340.8
2017,42,1000,0.54,500.0,33.0,500.0,1.764,165.3
2017,42,1100,1.318,500.0,33.0,500.0,3.034,90.2
2017,42,1200,2.287,500.0,23.0,500.0,0.0,16.54
2017,42,1300,4.478,500.0,33.0,500.0,13.05,174.4
2017,42,1400,3.147,500.0,33.0,500.0,4.445,141.3
2017,42,1500,2.537,500.0,34.0,500.0,3.528,118.5
2017,42,1600,1.657,500.0,24.0,500.0,1.694,68.3
2017,42,1700,0.804,500.0,23.0,500.0,0.0,86.6
2017,42,1800,0.376,500.0,23.0,500.0,0.0,66.93
2017,42,1900,0.116,500.0,23.0,500.0,1.129,329.4
2017,42,2000,-0.027,500.0,23.0,500.0,0.0,319.8
2017,42,2100,-0.041,500.0,24.0,500.0,0.0,338.4
2017,42,2200,-0.042,500.0,24.0,500.0,0.0,24.99
2017,42,2300,-0.137,500.0,24.0,500.0,0.0,25.18
2017,43,0,-0.046,500.0,24.0,500.0,2.47,307.9
2017,43,100,-0.005,500.0,24.0,500.0,0.0,71.5
2017,43,200,0.007,500.0,24.0,500.0,0.0,64.21
2017,43,300,0.096,500.0,24.0,500.0,0.0,338.5
2017,43,400,0.056,500.0,24.0,500.0,0.635,47.57
2017,43,500,-0.225,500.0,24.0,500.0,1.552,28.63
2017,43,600,-0.507,500.0,24.0,500.0,1.2,75.68
2017,43,700,-0.97,500.0,24.0,500.0,1.835,17.48
2017,43,800,-1.412,500.0,24.0,500.0,4.234,47.68
2017,43,900,0.136,500.0,24.0,500.0,7.903,85.0
2017,43,1000,1.929,500.0,34.0,500.0,3.175,30.87
2017,43,1100,3.787,500.0,33.0,500.0,0.0,15.28
2017,43,1200,4.387,500.0,23.0,500.0,0.282,147.0
2017,43,1300,5.279,500.0,33.0,500.0,2.117,78.59
2017,43,1400,5.786,500.0,33.0,500.0,1.694,39.98
2017,43,1500,6.045,500.0,33.0,500.0,1.552,124.2
2017,43,1600,5.436,500.0,33.0,500.0,0.0,307.9
2017,43,1700,3.406,500.0,33.0,500.0,1.694,314.8
2017,43,1800,1.975,500.0,24.0,500.0,1.059,326.9
2017,43,1900,1.383,500.0,24.0,500.0,3.528,38.93
2017,43,2000,1.144,500.0,24.0,500.0,2.893,29.24
2017,43,2100,1.113,500.0,24.0,500.0,0.071,14.05
2017,43,2200,0.534,500.0,24.0,500.0,1.129,71.45
2017,43,2300,0.499,500.0,24.0,500.0,1.694,350.8
2017,44,0,0.884,500.0,24.0,500.0,1.764,72.75
2017,44,100,1.974,500.0,24.0,500.0,4.657,38.51
2017,44,200,1.478,500.0,24.0,500.0,7.621,24.53
2017,44,300,1.642,500.0,24.0,500.0,3.951,44.45
2017,44,400,1.577,500.0,24.0,500.0,5.504,328.9
2017,44,500,0.762,500.0,24.0,500.0,10.8,8.58
2017,44,600,0.714,500.0,24.0,500.0,7.691,348.0
2017,44,700,1.398,500.0,24.0,500.0,6.915,331.2
2017,44,800,1.426,500.0,24.0,500.0,7.621,0.192
2017,44,900,3.335,500.0,24.0,500.0,11.08,349.4
2017,44,1000,5.236,500.0,34.0,500.0,7.056,353.5
2017,44,1100,7.19,500.0,33.0,500.0,5.574,0.191
2017,44,1200,7.815,500.0,33.0,500.0,7.479,76.24
2017,44,1300,8.63,500.0,33.0,500.0,1.976,70.13
2017,44,1400,9.21,500.0,33.0,500.0,13.05,72.58
2017,44,1500,8.73,500.0,33.0,500.0,6.703,9.24
2017,44,1600,8.26,500.0,33.0,500.0,10.58,53.1
2017,44,1700,3.693,500.0,33.0,500.0,8.82,343.0
2017,44,1800,4.789,500.0,24.0,500.0,7.973,353.9
2017,44,1900,3.86,500.0,24.0,500.0,8.54,335.4
2017,44,2000,3.344,500.0,24.0,500.0,2.893,3.116
2017,44,2100,3.422,500.0,24.0,500.0,8.4,33.68
2017,44,2200,3.03,500.0,24.0,500.0,4.445,28.26
2017,44,2300,2.418,500.0,24.0,500.0,2.893,51.59
2017,45,0,2.858,500.0,24.0,500.0,3.74,29.87
2017,45,100,1.712,500.0,24.0,500.0,4.939,9.76
2017,45,200,2.476,500.0,24.0,500.0,9.17,62.48
2017,45,300,2.013,500.0,24.0,500.0,5.786,338.7
2017,45,400,2.08,500.0,24.0,500.0,3.387,73.12
2017,45,500,2.377,500.0,24.0,500.0,2.54,324.4
2017,45,600,2.735,500.0,24.0,500.0,1.764,276.2
2017,45,700,2.62,500.0,24.0,500.0,6.351,17.55
2017,45,800,2.881,500.0,24.0,500.0,7.762,3.38
2017,45,900,3.789,500.0,24.0,500.0,5.857,54.89
2017,45,1000,3.826,500.0,24.0,500.0,3.105,32.02
2017,45,1100,5.189,500.0,33.0,500.0,2.187,83.8
2017,45,1200,6.621,500.0,33.0,500.0,2.752,37.01
2017,45,1300,7.627,500.0,33.0,500.0,5.927,19.83
2017,45,1400,7.762,500.0,23.0,500.0,3.387,27.54
2017,45,1500,7.009,500.0,23.0,500.0,1.694,73.72
2017,45,1600,5.522,500.0,33.0,500.0,1.905,77.44
2017,45,1700,4.173,500.0,23.0,500.0,1.2,352.5
2017,45,1800,3.423,500.0,24.0,500.0,2.752,322.9
2017,45,1900,2.49,500.0,24.0,500.0,2.258,4.554
2017,45,2000,2.837,500.0,24.0,500.0,0.0,13.33
2017,45,2100,1.996,500.0,23.0,500.0,1.905,353.0
2017,45,2200,2.194,500.0,23.0,500.0,0.0,8.63
2017,45,2300,2.159,500.0,23.0,500.0,0.0,17.5
2017,46,0,2.163,500.0,23.0,500.0,1.129,213.8
2017,46,100,2.175,500.0,23.0,500.0,0.0,37.06
2017,46,200,1.768,500.0,23.0,500.0,0.0,335.3
2017,46,300,2.073,500.0,23.0,500.0,7.832,74.5
2017,46,400,2.187,500.0,23.0,500.0,1.905,16.16
2017,46,500,2.303,500.0,23.0,500.0,7.338,71.72
2017,46,600,2.031,500.0,23.0,500.0,4.093,93.0
2017,46,700,1.976,500.0,23.0,500.0,2.117,336.1
2017,46,800,1.931,500.0,23.0,500.0,1.905,10.83
2017,46,900,2.109,500.0,23.0,500.0,0.0,8.29
2017,46,1000,2.954,500.0,23.0,500.0,0.0,75.72
2017,46,1100,3.158,500.0,23.0,500.0,0.0,183.8
2017,46,1200,4.168,500.0,23.0,500.0,5.504,5.92
2017,46,1300,4.023,500.0,23.0,500.0,2.187,23.53
2017,46,1400,4.362,500.0,23.0,500.0,4.022,15.43
2017,46,1500,4.068,500.0,23.0,500.0,4.304,18.26
2017,46,1600,4.136,500.0,23.0,500.0,4.798,16.51
2017,46,1700,4.268,500.0,23.0,500.0,5.01,25.74
2017,46,1800,3.919,500.0,23.0,500.0,7.127,57.3
2017,46,1900,3.601,500.0,23.0,500.0,5.645,7.885
2017,46,2000,3.167,500.0,23.0,500.0,1.835,333.1
2017,46,2100,3.012,500.0,23.0,500.0,0.0,52.54
2017,46,2200,2.729,500.0,23.0,500.0,5.574,90.0
2017,46,2300,2.591,500.0,23.0,500.0,1.129,244.5
2017,47,0,2.62,500.0,23.0,500.0,1.905,22.68
2017,47,100,2.863,500.0,23.0,500.0,2.399,304.5
2017,47,200,3.146,500.0,23.0,500.0,2.681,312.2
2017,47,300,5.297,500.0,23.0,500.0,2.329,78.77
2017,47,400,6.666,500.0,33.0,500.0,4.445,277.1
2017,47,500,5.432,500.0,23.0,500.0,6.351,230.0
2017,47,600,4.694,500.0,23.0,500.0,14.68,187.9
2017,47,700,4.434,500.0,23.0,500.0,0.0,216.7
2017,47,800,3.66,500.0,23.0,500.0,1.552,68.81
2017,47,900,3.409,500.0,23.0,500.0,1.341,310.7
2017,47,1000,4.06,500.0,23.0,500.0,0.141,215.7
2017,47,1100,4.78,500.0,23.0,500.0,9.46,166.2
2017,47,1200,4.988,500.0,23.0,500.0,4.375,194.8
2017,47,1300,4.871,500.0,23.0,500.0,1.835,240.6
2017,47,1400,4.34,500.0,23.0,500.0,4.587,190.4
2017,47,1500,4.39,500.0,23.0,500.0,6.492,199.5
2017,47,1600,5.029,500.0,23.0,500.0,5.927,237.9
2017,47,1700,4.408,500.0,23.0,500.0,2.117,281.4
2017,47,1800,2.807,500.0,23.0,500.0,0.0,18.93
2017,47,1900,1.384,500.0,23.0,500.0,3.175,337.4
2017,47,2000,0.902,500.0,23.0,500.0,0.0,34.09
2017,47,2100,0.914,500.0,23.0,500.0,0.0,352.9
2017,47,2200,1.022,500.0,23.0,500.0,0.0,334.7
2017,47,2300,1.33,500.0,23.0,500.0,0.0,9.13
2017,48,0,1.293,500.0,23.0,500.0,0.0,328.4
2017,48,100,1.334,500.0,23.0,500.0,0.917,226.5
2017,48,200,1.165,500.0,23.0,500.0,1.694,134.3
2017,48,300,1.201,500.0,23.0,500.0,0.0,46.94
2017,48,400,1.314,500.0,23.0,500.0,0.0,317.0
2017,48,500,1.155,500.0,23.0,500.0,0.565,12.71
2017,48,600,1.13,500.0,23.0,500.0,0.0,352.5
2017,48,700,1.076,500.0,23.0,500.0,0.0,196.0
2017,48,800,1.207,500.0,23.0,500.0,0.0,29.01
2017,48,900,2.351,500.0,23.0,500.0,0.0,317.4
2017,48,1000,3.054,500.0,23.0,500.0,2.046,159.0
2017,48,1100,4.241,500.0,33.0,500.0,0.0,157.0
2017,48,1200,5.217,500.0,33.0,500.0,6.209,233.5
2017,48,1300,6.215,500.0,33.0,500.0,4.798,213.0
2017,48,1400,6.189,500.0,33.0,500.0,4.163,141.5
2017,48,1500,6.457,500.0,33.0,500.0,3.105,324.3
2017,48,1600,4.265,500.0,33.0,500.0,1.694,300.7
2017,48,1700,3.034,500.0,33.0,500.0,0.0,50.02
2017,48,1800,2.0,500.0,33.0,500.0,6.562,342.8
2017,48,1900,0.694,500.0,33.0,500.0,2.681,13.93
2017,48,2000,-0.376,500.0,33.0,500.0,1.552,6.378
2017,48,2100,-0.227,500.0,34.0,500.0,4.445,55.14
2017,48,2200,0.324,500.0,24.0,500.0,4.869,53.05
2017,48,2300,0.582,500.0,24.0,500.0,4.798,16.6
2017,49,0,0.694,500.0,24.0,500.0,3.81,48.71
2017,49,100,0.372,500.0,24.0,500.0,5.433,13.96
2017,49,200,0.566,500.0,24.0,500.0,7.197,0.192
2017,49,300,0.604,500.0,24.0,500.0,2.681,18.58
2017,49,400,0.441,500.0,24.0,500.0,6.351,354.1
2017,49,500,0.668,500.0,24.0,500.0,5.927,12.54
2017,49,600,0.669,500.0,24.0,500.0,6.068,41.39
2017,49,700,0.825,500.0,24.0,500.0,2.187,6.81
2017,49,800,0.76,500.0,24.0,-100.0,7.832,0.288
2017,49,900,1.976,500.0,34.0,500.0,3.528,338.8
2017,49,1000,3.299,500.0,33.0,500.0,3.316,74.29
2017,49,1100,3.824,500.0,23.0,500.0,6.915,21.49
2017,49,1200,5.705,500.0,33.0,500.0,3.246,84.2
2017,49,1300,6.288,500.0,33.0,500.0,2.47,66.27
2017,49,1400,5.848,500.0,33.0,500.0,4.728,181.9
2017,49,1500,4.796,500.0,33.0,500.0,0.0,314.1
2017,49,1600,3.747,500.0,33.0,500.0,3.74,162.5
2017,49,1700,2.578,500.0,23.0,500.0,0.988,168.4
2017,49,1800,1.792,500.0,23.0,-100.0,1.129,120.0
2017,49,1900,1.323,500.0,23.0,-100.0,1.411,110.7
2017,49,2000,1.083,500.0,23.0,500.0,0.0,29.0
2017,49,2100,0.902,500.0,23.0,500.0,0.0,42.36
2017,49,2200,0.575,500.0,23.0,500.0,0.0,13.95
2017,49,2300,0.421,500.0,23.0,500.0,0.0,274.1
2017,50,0,0.452,500.0,23.0,500.0,0.0,76.63
2017,50,100,0.394,500.0,23.0,500.0,1.552,75.22
2017,50,200,0.104,500.0,23.0,-100.0,0.0,297.9
2017,50,300,0.407,500.0,23.0,-100.0,0.0,9.88
2017,50,400,0.983,500.0,23.0,500.0,4.798,22.92
2017,50,500,0.531,500.0,24.0,-100.0,4.234,23.45
2017,50,600,0.269,500.0,24.0,500.0,3.81,71.94
2017,50,700,0.235,500.0,24.0,500.0,0.0,152.6
2017,50,800,0.315,500.0,24.0,500.0,1.764,20.67
2017,50,900,1.107,500.0,23.0,500.0,1.482,70.68
2017,50,1000,2.279,500.0,33.0,-100.0,3.74,35.24
2017,50,1100,2.772,500.0,23.0,-100.0,1.835,8.68
2017,50,1200,3.294,500.0,23.0,500.0,2.187,101.7
2017,50,1300,3.332,500.0,23.0,500.0,2.117,337.6
2017,50,1400,3.597,500.0,23.0,500.0,0.0,230.4
2017,50,1500,3.413,500.0,23.0,500.0,1.835,63.31
2017,50,1600,2.887,500.0,33.0,500.0,0.917,240.1
2017,50,1700,2.237,500.0,23.0,500.0,0.0,241.7
2017,50,1800,1.596,500.0,23.0,500.0,0.0,297.0
2017,50,1900,1.143,500.0,23.0,500.0,0.071,350.3
2017,50,2000,1.054,500.0,23.0,500.0,0.0,40.42
2017,50,2100,0.837,500.0,23.0,500.0,0.0,348.9
2017,50,2200,0.963,500.0,23.0,500.0,0.0,122.6
2017,50,2300,0.69,500.0,23.0,-100.0,0.0,8.68
2017,51,0,0.744,500.0,23.0,500.0,0.0,329.9
2017,51,100,0.705,500.0,23.0,500.0,2.329,283.7
2017,51,200,0.575,500.0,23.0,500.0,2.046,87.7
2017,51,300,1.168,500.0,23.0,500.0,0.0,14.1
2017,51,400,0.847,500.0,23.0,500.0,2.258,330.4
2017,51,500,0.629,500.0,23.0,500.0,0.776,225.2
2017,51,600,0.561,500.0,23.0,500.0,1.27,87.9
2017,51,700,0.594,500.0,23.0,500.0,2.752,44.26
2017,51,800,1.324,500.0,23.0,500.0,2.187,51.89
2017,51,900,3.334,500.0,23.0,500.0,3.316,33.18
2017,51,1000,4.854,500.0,33.0,500.0,7.762,100.8
2017,51,1100,5.532,500.0,33.0,500.0,9.6,4.642
2017,51,1200,5.312,500.0,33.0,500.0,5.715,84.2
2017,51,1300,6.477,500.0,33.0,500.0,7.127,109.9
2017,51,1400,6.972,500.0,33.0,500.0,6.421,57.74
2017,51,1500,6.035,500.0,33.0,500.0,1.411,299.9
2017,51,1600,4.814,500.0,33.0,500.0,2.399,315.0
2017,51,1700,4.053,500.0,33.0,500.0,0.847,304.8
2017,51,1800,2.325,500.0,33.0,500.0,0.0,324.2
2017,51,1900,1.501,500.0,23.0,500.0,0.0,308.2
2017,51,2000,0.562,500.0,23.0,500.0,2.752,309.9
2017,51,2100,0.348,500.0,23.0,500.0,0.917,341.5
2017,51,2200,0.829,500.0,24.0,500.0,1.411,27.21
2017,51,2300,1.053,500.0,24.0,500.0,0.0,325.4
2017,52,0,0.853,500.0,23.0,500.0,2.258,320.6
2017,52,100,0.654,500.0,23.0,500.0,0.988,264.4
2017,52,200,0.518,500.0,23.0,500.0,2.329,55.0
2017,52,300,0.063,500.0,24.0,500.0,1.2,2.925
2017,52,400,-1.063,500.0,24.0,500.0,1.552,22.68
2017,52,500,-0.821,500.0,24.0,500.0,2.329,348.6
2017,52,600,-1.579,500.0,24.0,500.0,1.976,345.9
2017,52,700,-1.613,500.0,24.0,500.0,0.988,314.4
2017,52,800,-1.467,500.0,24.0,500.0,1.341,64.09
2017,52,900,0.62,500.0,33.0,500.0,0.706,76.35
2017,52,1000,2.749,500.0,33.0,500.0,1.059,115.7
2017,52,1100,3.638,500.0,23.0,500.0,3.105,156.7
2017,52,1200,5.06,500.0,33.0,500.0,3.74,181.9
2017,52,1300,5.487,500.0,33.0,500.0,11.08,124.4
2017,52,1400,5.918,500.0,33.0,500.0,11.43,183.8
2017,52,1500,5.657,500.0,33.0,500.0,4.939,208.9
2017,52,1600,4.51,500.0,33.0,500.0,3.74,232.1
2017,52,1700,3.171,500.0,33.0,500.0,2.681,310.1
2017,52,1800,0.351,500.0,33.0,500.0,3.528,43.14
2017,52,1900,-0.885,500.0,33.0,500.0,1.835,315.7
2017,52,2000,-1.425,500.0,34.0,500.0,1.27,54.15
2017,52,2100,-1.273,500.0,24.0,500.0,0.0,36.08
2017,52,2200,-2.071,500.0,34.0,500.0,2.329,34.25
2017,52,2300,-2.37,500.0,34.0,500.0,0.0,0.816
2017,53,0,-2.236,500.0,28.0,500.0,2.752,97.0
2017,53,100,-2.575,500.0,38.0,500.0,1.27,353.7
2017,53,200,-3.004,500.0,28.0,500.0,1.411,38.53
2017,53,300,-3.111,500.0,38.0,500.0,1.623,344.9
2017,53,400,-3.618,500.0,38.0,500.0,1.27,44.58
2017,53,500,-3.625,500.0,28.0,500.0,1.411,26.2
2017,53,600,-3.067,500.0,28.0,500.0,0.141,347.6
2017,53,700,-2.66,500.0,28.0,500.0,1.129,73.94
2017,53,800,-2.025,500.0,28.0,500.0,6.915,42.94
2017,53,900,-0.823,500.0,34.0,500.0,5.645,47.88
2017,53,1000,1.565,500.0,33.0,500.0,12.98,98.1
2017,53,1100,2.635,500.0,33.0,500.0,2.681,108.5
2017,53,1200,4.42,500.0,33.0,500.0,4.445,238.4
2017,53,1300,4.479,500.0,33.0,500.0,0.847,43.21
2017,53,1400,4.595,500.0,33.0,500.0,5.01,341.4
2017,53,1500,2.81,500.0,33.0,500.0,2.046,1.916
2017,53,1600,1.441,500.0,33.0,500.0,0.0,344.3
2017,53,1700,0.054,500.0,33.0,500.0,0.988,331.2
2017,53,1800,-1.594,500.0,33.0,500.0,1.411,343.6
2017,53,1900,-2.334,500.0,38.0,500.0,1.059,335.3
2017,53,2000,-2.723,500.0,38.0,500.0,3.74,74.84
2017,53,2100,-3.255,500.0,38.0,500.0,3.175,86.4
2017,53,2200,-3.842,500.0,38.0,500.0,0.0,69.18
2017,53,2300,-4.094,500.0,38.0,500.0,1.552,42.96
2017,54,0,-4.319,500.0,38.0,500.0,2.329,28.27
2017,54,100,-4.187,500.0,38.0,500.0,3.105,52.72
2017,54,200,-4.47,500.0,38.0,500.0,4.304,28.39
2017,54,300,-5.047,500.0,38.0,500.0,0.071,40.68
2017,54,400,-5.71,500.0,38.0,500.0,0.0,62.55
2017,54,500,-6.054,500.0,38.0,500.0,1.835,69.9
2017,54,600,-6.643,500.0,38.0,500.0,3.599,101.6
2017,54,700,-6.655,500.0,38.0,500.0,0.0,43.07
2017,54,800,-6.322,500.0,28.0,500.0,6.139,82.1
2017,54,900,-2.098,500.0,38.0,500.0,4.587,122.8
2017,54,1000,-0.613,500.0,33.0,500.0,4.516,96.6
2017,54,1100,1.023,500.0,33.0,500.0,0.565,86.4
2017,54,1200,2.575,500.0,33.0,500.0,1.694,218.1
2017,54,1300,3.485,500.0,33.0,500.0,7.691,230.3
2017,54,1400,4.029,500.0,33.0,500.0,3.881,272.3
2017,54,1500,3.399,500.0,33.0,500.0,10.02,261.4
2017,54,1600,2.515,500.0,33.0,500.0,5.504,185.9
2017,54,1700,1.661,500.0,33.0,500.0,8.19,199.3
2017,54,1800,0.241,500.0,33.0,500.0,2.611,301.7
2017,54,1900,-1.386,500.0,23.0,500.0,1.059,270.6
2017,54,2000,-1.319,500.0,28.0,500.0,0.0,77.56
2017,54,2100,-1.419,500.0,28.0,500.0,0.0,21.35
2017,54,2200,-1.952,500.0,28.0,500.0,0.0,120.2
2017,54,2300,-2.125,500.0,28.0,500.0,0.0,8.11
2017,55,0,-2.192,500.0,28.0,500.0,1.411,341.2
2017,55,100,-2.289,500.0,28.0,500.0,0.0,343.8
2017,55,200,-2.328,500.0,24.0,500.0,1.552,348.5
2017,55,300,-2.359,500.0,24.0,500.0,2.187,13.82
2017,55,400,-2.239,500.0,24.0,500.0,2.399,19.43
2017,55,500,-2.123,500.0,24.0,500.0,1.341,300.3
2017,55,600,-2.545,500.0,24.0,500.0,5.927,41.54
2017,55,700,-2.627,500.0,24.0,500.0,1.411,51.0
2017,55,800,-2.439,500.0,24.0,500.0,2.893,342.5
2017,55,900,-0.347,500.0,24.0,500.0,9.67,104.0
2017,55,1000,1.305,500.0,34.0,500.0,0.847,40.08
2017,55,1100,2.607,500.0,33.0,500.0,12.14,100.4
2017,55,1200,1.807,500.0,33.0,500.0,6.068,33.89
2017,55,1300,2.935,500.0,23.0,500.0,1.2,138.1
2017,55,1400,3.484,500.0,23.0,500.0,0.353,78.06
2017,55,1500,3.472,500.0,33.0,500.0,1.482,43.69
2017,55,1600,2.994,500.0,33.0,500.0,5.433,20.19
2017,55,1700,2.029,500.0,33.0,500.0,3.175,236.5
2017,55,1800,-0.914,500.0,33.0,500.0,2.47,39.26
2017,55,1900,-2.041,500.0,38.0,500.0,1.976,23.36
2017,55,2000,-2.578,500.0,38.0,500.0,2.258,47.97
2017,55,2100,-2.898,500.0,38.0,500.0,1.27,42.76
2017,55,2200,-3.354,500.0,38.0,500.0,2.046,15.74
2017,55,2300,-3.669,500.0,38.0,500.0,5.363,335.3
2017,56,0,-4.242,500.0,38.0,500.0,2.329,23.56
2017,56,100,-4.772,500.0,38.0,500.0,1.2,85.8
2017,56,200,-5.799,500.0,38.0,500.0,0.0,3.984
2017,56,300,-6.399,500.0,38.0,500.0,1.835,46.93
2017,56,400,-6.451,500.0,38.0,500.0,1.623,89.5
2017,56,500,-7.444,500.0,38.0,500.0,1.341,354.4
2017,56,600,-7.904,500.0,38.0,500.0,5.01,11.62
2017,56,700,-8.22,500.0,38.0,500.0,0.847,7.828
2017,56,800,-7.955,500.0,38.0,500.0,2.893,106.0
2017,56,900,-3.845,500.0,38.0,500.0,3.528,162.4
2017,56,1000,-1.815,500.0,38.0,500.0,0.0,311.8
2017,56,1100,0.108,500.0,33.0,500.0,3.246,184.5
2017,56,1200,1.256,500.0,33.0,500.0,12.14,183.1
2017,56,1300,1.415,500.0,33.0,500.0,10.44,125.3
2017,56,1400,1.491,500.0,23.0,500.0,8.47,201.4
2017,56,1500,1.359,500.0,33.0,500.0,12.42,213.7
2017,56,1600,0.839,500.0,33.0,500.0,6.915,184.2
2017,56,1700,0.317,500.0,23.0,500.0,2.611,192.9
2017,56,1800,-0.248,500.0,23.0,500.0,3.175,174.2
2017,56,1900,-0.602,500.0,23.0,500.0,3.881,176.5
2017,56,2000,-1.09,500.0,28.0,500.0,0.847,187.4
2017,56,2100,-1.641,500.0,28.0,500.0,0.706,72.57
2017,56,2200,-1.805,500.0,24.0,500.0,0.0,18.25
2017,56,2300,-1.881,500.0,24.0,500.0,0.0,8.35
2017,57,0,-1.977,500.0,24.0,500.0,3.599,42.19
2017,57,100,-2.242,500.0,24.0,500.0,2.823,15.93
2017,57,200,-2.608,500.0,24.0,500.0,2.046,330.4
2017,57,300,-2.949,500.0,24.0,500.0,7.268,17.46
2017,57,400,-3.175,500.0,34.0,500.0,3.387,36.16
2017,57,500,-2.79,500.0,34.0,500.0,3.81,51.54
2017,57,600,-3.473,500.0,34.0,500.0,0.071,134.2
2017,57,700,-3.508,500.0,24.0,500.0,5.292,345.9
2017,57,800,-3.135,500.0,34.0,500.0,4.516,11.18
2017,57,900,-1.495,500.0,34.0,500.0,5.151,32.91
2017,57,1000,1.428,500.0,33.0,500.0,10.94,98.9
2017,57,1100,2.517,500.0,33.0,500.0,16.93,36.89
2017,57,1200,3.174,500.0,33.0,500.0,8.89,93.2
2017,57,1300,3.42,500.0,33.0,500.0,12.0,77.06
2017,57,1400,3.018,500.0,33.0,500.0,6.633,63.01
2017,57,1500,3.082,500.0,33.0,500.0,11.29,78.88
2017,57,1600,2.647,500.0,33.0,500.0,6.421,59.91
2017,57,1700,0.9,500.0,33.0,500.0,9.88,60.26
2017,57,1800,-0.966,500.0,33.0,500.0,2.47,27.96
2017,57,1900,-2.186,500.0,138.0,500.0,6.633,353.7
2017,57,2000,-2.663,500.0,138.0,500.0,0.776,49.56
2017,57,2100,-3.513,500.0,138.0,500.0,2.117,6.67
2017,57,2200,-3.807,500.0,138.0,500.0,3.669,329.3
2017,57,2300,-4.563,500.0,138.0,500.0,2.893,6.336
2017,58,0,-5.291,500.0,138.0,500.0,6.844,28.18
2017,58,100,-5.264,500.0,137.0,500.0,6.28,27.08
2017,58,200,-5.951,500.0,137.0,500.0,1.694,0.192
2017,58,300,-6.388,500.0,137.0,500.0,2.611,48.13
2017,58,400,-6.69,500.0,137.0,500.0,2.117,23.52
2017,58,500,-6.675,500.0,137.0,500.0,0.0,35.14
2017,58,600,-7.171,500.0,127.0,500.0,1.976,88.0
2017,58,700,-6.498,500.0,127.0,500.0,4.587,60.05
2017,58,800,-5.677,500.0,127.0,500.0,1.2,44.16
2017,58,900,-4.588,500.0,137.0,500.0,5.363,1.968
2017,58,1000,-3.51,500.0,138.0,500.0,7.691,29.75
2017,58,1100,-2.217,500.0,33.0,500.0,5.645,15.11
2017,58,1200,-1.003,500.0,23.0,500.0,5.786,89.8
2017,58,1300,-0.157,500.0,23.0,500.0,3.528,197.5
2017,58,1400,0.893,500.0,33.0,500.0,8.19,164.0
2017,58,1500,1.182,500.0,33.0,500.0,5.292,243.3
2017,58,1600,1.384,500.0,33.0,500.0,1.059,74.14
2017,58,1700,0.853,500.0,33.0,500.0,4.728,84.9
2017,58,1800,-1.833,500.0,38.0,500.0,1.694,277.5
2017,58,1900,-2.67,500.0,138.0,500.0,0.0,260.7
2017,58,2000,-3.986,500.0,138.0,500.0,0.988,341.3
2017,58,2100,-4.806,500.0,38.0,500.0,1.976,13.49
2017,58,2200,-5.792,500.0,38.0,500.0,1.341,76.28
2017,58,2300,-6.661,500.0,38.0,500.0,2.187,96.0
2017,59,0,-7.521,500.0,38.0,500.0,0.0,80.0
2017,59,100,-7.603,500.0,38.0,500.0,2.187,108.4
2017,59,200,-7.152,500.0,38.0,500.0,2.046,48.43
2017,59,300,-6.832,500.0,137.0,500.0,1.835,321.8
2017,59,400,-7.757,500.0,137.0,500.0,1.835,85.9
2017,59,500,-8.49,500.0,137.0,500.0,0.0,106.1
2017,59,600,-9.24,500.0,137.0,500.0,0.0,24.59
2017,59,700,-10.09,500.0,137.0,500.0,1.2,30.0
2017,59,800,-9.46,500.0,137.0,500.0,0.0,354.0
2017,59,900,-4.777,500.0,137.0,500.0,1.835,101.6
2017,59,1000,-2.226,500.0,133.0,500.0,1.905,36.26
2017,59,1100,-0.306,500.0,33.0,500.0,1.976,177.3
2017,59,1200,0.243,500.0,33.0,500.0,9.03,241.9
2017,59,1300,1.348,500.0,33.0,500.0,5.645,221.3
2017,59,1400,1.855,500.0,33.0,500.0,6.986,223.1
2017,59,1500,0.96,500.0,33.0,500.0,14.89,285.4
2017,59,1600,0.111,500.0,33.0,500.0,11.01,231.8
2017,59,1700,-1.118,500.0,33.0,500.0,1.905,287.0
2017,59,1800,-1.983,500.0,34.0,500.0,4.869,186.3
2017,59,1900,-2.006,500.0,24.0,500.0,7.268,199.1
2017,59,2000,-1.902,500.0,24.0,500.0,1.2,271.3
2017,59,2100,-1.469,500.0,24.0,500.0,1.764,179.4
2017,59,2200,-0.949,500.0,24.0,500.0,2.964,189.0
2017,59,2300,-0.509,500.0,24.0,500.0,8.89,188.5
2017,60,0,-0.319,500.0,24.0,500.0,8.75,180.5
2017,60,100,0.043,500.0,24.0,500.0,3.951,127.8
2017,60,200,0.256,500.0,24.0,500.0,1.976,284.5
2017,60,300,0.373,500.0,24.0,500.0,7.338,126.5
2017,60,400,0.667,500.0,24.0,500.0,2.893,109.3
2017,60,500,0.429,500.0,24.0,500.0,4.445,319.4
2017,60,600,0.311,500.0,24.0,500.0,3.034,113.5
2017,60,700,0.152,500.0,24.0,500.0,0.988,351.1
2017,60,800,0.282,500.0,24.0,500.0,0.0,201.4
2017,60,900,0.746,500.0,23.0,500.0,4.163,74.96
2017,60,1000,1.421,500.0,33.0,500.0,7.762,156.9
2017,60,1100,2.181,500.0,33.0,500.0,7.832,215.0
2017,60,1200,2.67,500.0,33.0,500.0,4.869,228.4
2017,60,1300,2.518,500.0,33.0,500.0,5.857,276.9
2017,60,1400,3.18,500.0,23.0,500.0,9.46,146.0
2017,60,1500,3.13,500.0,23.0,500.0,14.25,230.7
2017,60,1600,2.855,500.0,33.0,500.0,7.197,234.6
2017,60,1700,2.285,500.0,33.0,500.0,3.105,274.5
2017,60,1800,1.275,500.0,23.0,500.0,3.175,108.1
2017,60,1900,1.417,500.0,23.0,500.0,6.492,157.3
2017,60,2000,1.019,500.0,23.0,500.0,4.445,92.2
2017,60,2100,0.78,500.0,23.0,500.0,5.857,71.14
2017,60,2200,0.573,500.0,23.0,500.0,0.0,121.5
2017,60,2300,0.201,500.0,24.0,500.0,0.0,88.8
2017,61,0,0.182,500.0,24.0,500.0,0.0,163.3
2017,61,100,0.152,500.0,24.0,500.0,0.0,184.2
2017,61,200,0.104,500.0,24.0,500.0,0.0,183.9
2017,61,300,0.066,500.0,24.0,500.0,0.0,269.0
2017,61,400,0.079,500.0,24.0,500.0,0.0,269.1
2017,61,500,0.057,500.0,24.0,500.0,0.0,87.2
2017,61,600,0.104,500.0,24.0,500.0,0.0,88.1
2017,61,700,0.176,500.0,24.0,500.0,0.0,85.7
2017,61,800,0.224,500.0,24.0,500.0,0.0,83.2
2017,61,900,0.391,500.0,24.0,500.0,0.0,320.2
2017,61,1000,0.576,500.0,23.0,500.0,0.0,343.6
2017,61,1100,1.046,500.0,23.0,500.0,2.329,270.5
2017,61,1200,1.867,500.0,23.0,500.0,4.445,199.5
2017,61,1300,2.273,500.0,23.0,500.0,5.715,197.0
2017,61,1400,2.205,500.0,23.0,500.0,2.893,157.1
2017,61,1500,1.957,500.0,33.0,500.0,2.54,121.4
2017,61,1600,1.818,500.0,23.0,500.0,3.881,92.7
2017,61,1700,1.522,500.0,23.0,500.0,1.905,117.5
2017,61,1800,1.364,500.0,23.0,500.0,9.1,186.5
2017,61,1900,1.058,500.0,23.0,500.0,4.022,107.3
2017,61,2000,0.494,500.0,24.0,500.0,0.917,37.74
2017,61,2100,1.244,500.0,23.0,500.0,2.611,150.5
2017,61,2200,0.986,500.0,23.0,500.0,3.951,160.7
2017,61,2300,0.947,500.0,23.0,500.0,3.669,175.3
2017,62,0,0.539,500.0,23.0,500.0,15.73,161.0
2017,62,100,0.491,500.0,23.0,500.0,0.0,6.186
2017,62,200,0.498,500.0,23.0,500.0,9.17,202.1
2017,62,300,0.177,500.0,23.0,500.0,1.623,59.71
2017,62,400,0.527,500.0,24.0,500.0,3.74,82.4
2017,62,500,0.249,500.0,24.0,500.0,0.0,90.7
2017,62,600,0.864,500.0,24.0,500.0,2.187,292.0
2017,62,700,2.263,500.0,23.0,500.0,11.57,229.9
2017,62,800,2.314,500.0,23.0,500.0,13.27,200.7
2017,62,900,1.624,500.0,23.0,500.0,2.329,239.5
2017,62,1000,1.675,500.0,23.0,500.0,6.915,243.0
2017,62,1100,2.303,500.0,23.0,500.0,4.587,245.6
2017,62,1200,2.676,500.0,23.0,500.0,5.08,194.9
2017,62,1300,2.491,500.0,23.0,500.0,3.951,238.4
2017,62,1400,1.846,500.0,23.0,500.0,0.0,120.4
2017,62,1500,1.045,500.0,23.0,500.0,5.786,215.3
2017,62,1600,0.42,500.0,33.0,500.0,0.565,150.2
2017,62,1700,0.319,500.0,23.0,500.0,4.587,163.1
2017,62,1800,0.398,500.0,23.0,500.0,1.623,166.1
2017,62,1900,0.168,500.0,23.0,500.0,0.0,288.7
2017,62,2000,0.296,500.0,23.0,500.0,3.81,227.7
2017,62,2100,0.325,500.0,23.0,500.0,2.681,314.3
2017,62,2200,0.145,500.0,24.0,500.0,5.01,215.3
2017,62,2300,-0.025,500.0,28.0,500.0,8.11,173.8
2017,63,0,-0.38,500.0,127.0,500.0,1.623,201.7
2017,63,100,-0.583,500.0,128.0,500.0,2.752,247.5
2017,63,200,-0.786,500.0,24.0,500.0,0.212,267.3
2017,63,300,-1.092,500.0,24.0,500.0,0.0,342.3
2017,63,400,-1.258,500.0,24.0,500.0,0.0,151.0
2017,63,500,-1.894,500.0,24.0,500.0,0.212,108.4
2017,63,600,-2.056,500.0,28.0,500.0,2.681,339.6
2017,63,700,-2.609,500.0,24.0,500.0,1.552,127.4
2017,63,800,-2.724,500.0,24.0,500.0,3.175,7.292
2017,63,900,-1.802,500.0,24.0,500.0,3.81,296.4
2017,63,1000,-1.285,500.0,24.0,500.0,2.681,83.5
2017,63,1100,0.205,500.0,33.0,500.0,0.0,276.0
2017,63,1200,-1.158,500.0,33.0,500.0,4.728,201.4
2017,63,1300,1.125,500.0,33.0,500.0,2.399,142.1
2017,63,1400,1.473,500.0,33.0,500.0,6.986,229.7
2017,63,1500,1.011,500.0,33.0,500.0,3.246,29.99
2017,63,1600,1.168,500.0,33.0,500.0,2.681,24.2
2017,63,1700,-0.119,500.0,33.0,500.0,0.988,1.007
2017,63,1800,-2.034,500.0,33.0,500.0,4.022,329.9
2017,63,1900,-2.563,500.0,38.0,500.0,0.071,339.6
2017,63,2000,-3.128,500.0,38.0,500.0,1.694,22.12
2017,63,2100,-3.522,500.0,38.0,500.0,3.81,23.85
2017,63,2200,-3.603,500.0,28.0,500.0,4.022,13.77
2017,63,2300,-3.536,500.0,28.0,500.0,2.611,15.19
2017,64,0,-3.371,500.0,28.0,500.0,9.03,38.97
2017,64,100,-3.522,500.0,28.0,500.0,3.458,326.9
2017,64,200,-3.732,500.0,28.0,500.0,1.623,348.2
2017,64,300,-3.497,500.0,28.0,500.0,1.835,322.9
2017,64,400,-3.743,500.0,28.0,500.0,2.752,15.69
2017,64,500,-3.618,500.0,28.0,500.0,2.893,31.82
2017,64,600,-3.714,500.0,28.0,500.0,2.399,323.0
2017,64,700,-4.006,500.0,24.0,500.0,1.835,310.9
2017,64,800,-3.563,500.0,24.0,500.0,2.329,348.7
2017,64,900,-2.842,500.0,24.0,500.0,3.81,29.7
2017,64,1000,-2.737,500.0,24.0,500.0,3.528,91.6
2017,64,1100,-2.024,500.0,24.0,500.0,4.163,348.0
2017,64,1200,-0.353,500.0,23.0,500.0,0.0,171.7
2017,64,1300,1.371,500.0,33.0,500.0,4.728,290.8
2017,64,1400,1.24,500.0,33.0,500.0,1.552,241.8
2017,64,1500,1.826,500.0,33.0,500.0,7.55,186.5
2017,64,1600,1.597,500.0,33.0,500.0,9.38,187.4
2017,64,1700,0.793,500.0,33.0,500.0,4.234,244.8
2017,64,1800,-0.412,500.0,33.0,500.0,2.611,315.8
2017,64,1900,-1.008,500.0,34.0,500.0,4.798,286.1
2017,64,2000,-1.094,500.0,24.0,500.0,0.0,185.5
2017,64,2100,-1.092,500.0,24.0,500.0,0.0,50.94
2017,64,2200,-1.189,500.0,24.0,500.0,0.0,317.5
2017,64,2300,-2.135,500.0,24.0,500.0,0.0,300.0
2017,65,0,-2.028,500.0,28.0,500.0,0.0,341.4
2017,65,100,-2.045,500.0,28.0,500.0,0.0,14.7
2017,65,200,-2.242,500.0,28.0,500.0,0.0,339.0
2017,65,300,-2.385,500.0,28.0,500.0,0.0,341.1
2017,65,400,-2.431,500.0,24.0,500.0,0.0,158.6
2017,65,500,-2.24,500.0,24.0,500.0,0.0,221.0
2017,65,600,-2.071,500.0,24.0,500.0,2.752,199.7
2017,65,700,-1.966,500.0,24.0,500.0,3.669,121.9
2017,65,800,-1.809,500.0,24.0,500.0,0.0,268.7
2017,65,900,-0.894,500.0,24.0,500.0,1.694,317.4
2017,65,1000,0.364,500.0,33.0,500.0,5.504,133.5
2017,65,1100,0.983,500.0,23.0,500.0,4.516,201.5
2017,65,1200,1.22,500.0,33.0,500.0,10.8,257.7
2017,65,1300,0.307,500.0,33.0,500.0,4.445,300.0
2017,65,1400,-0.235,500.0,23.0,500.0,2.258,185.8
2017,65,1500,-0.714,500.0,33.0,500.0,1.482,322.7
2017,65,1600,0.146,500.0,23.0,500.0,1.059,282.4
2017,65,1700,-0.516,500.0,23.0,500.0,2.823,302.8
2017,65,1800,-1.493,500.0,23.0,500.0,0.0,170.7
2017,65,1900,-2.656,500.0,34.0,500.0,0.0,329.0
2017,65,2000,-3.149,500.0,38.0,500.0,0.0,224.9
2017,65,2100,-3.153,500.0,28.0,500.0,1.2,6.046
2017,65,2200,-3.024,500.0,28.0,500.0,1.27,313.5
2017,65,2300,-3.067,500.0,28.0,500.0,0.0,109.3
2017,66,0,-2.977,500.0,28.0,500.0,0.0,82.6
2017,66,100,-2.786,500.0,24.0,500.0,0.0,327.2
2017,66,200,-2.577,500.0,24.0,500.0,0.0,0.24
2017,66,300,-2.917,500.0,24.0,500.0,0.988,51.71
2017,66,400,-2.989,500.0,24.0,500.0,6.492,33.41
2017,66,500,-2.99,500.0,24.0,500.0,0.0,9.74
2017,66,600,-2.988,500.0,28.0,500.0,5.433,13.84
2017,66,700,-2.953,500.0,28.0,500.0,4.798,1.391
2017,66,800,-2.627,500.0,28.0,500.0,2.046,20.39
2017,66,900,-2.15,500.0,24.0,500.0,2.329,19.81
2017,66,1000,-1.565,500.0,24.0,500.0,3.458,20.03
2017,66,1100,-1.079,500.0,24.0,500.0,0.0,71.12
2017,66,1200,-0.864,500.0,24.0,500.0,0.0,42.92
2017,66,1300,-0.223,500.0,24.0,500.0,0.0,130.9
2017,66,1400,-0.017,500.0,23.0,500.0,0.0,49.91
2017,66,1500,-0.129,500.0,23.0,500.0,0.0,38.76
2017,66,1600,0.117,500.0,23.0,500.0,0.0,0.575
2017,66,1700,-0.335,500.0,23.0,500.0,0.0,73.9
2017,66,1800,-0.733,500.0,28.0,500.0,0.0,89.5
2017,66,1900,-0.898,500.0,24.0,500.0,0.0,99.5
2017,66,2000,-1.044,500.0,28.0,500.0,0.0,338.3
2017,66,2100,-1.044,500.0,28.0,500.0,0.0,192.2
2017,66,2200,-0.729,500.0,28.0,500.0,0.0,175.0
2017,66,2300,-0.669,500.0,28.0,500.0,0.0,168.4
2017,67,0,-0.899,500.0,28.0,500.0,0.0,138.8
2017,67,100,-1.668,500.0,127.0,500.0,0.0,193.7
2017,67,200,-1.829,500.0,128.0,500.0,0.0,277.6
2017,67,300,-2.578,500.0,28.0,500.0,0.0,254.8
2017,67,400,-2.777,500.0,34.0,500.0,0.0,336.4
2017,67,500,-3.275,500.0,34.0,500.0,0.0,329.5
2017,67,600,-4.015,500.0,24.0,500.0,0.0,321.5
2017,67,700,-4.103,500.0,34.0,500.0,0.0,340.5
2017,67,800,-3.791,500.0,24.0,500.0,0.0,334.4
2017,67,900,1.278,500.0,34.0,500.0,0.0,146.4
2017,67,1000,1.088,500.0,34.0,500.0,1.764,130.8
2017,67,1100,2.528,500.0,33.0,500.0,3.034,272.3
2017,67,1200,2.274,500.0,33.0,500.0,11.43,242.2
2017,67,1300,2.345,500.0,33.0,500.0,4.304,235.0
2017,67,1400,2.043,500.0,33.0,500.0,7.691,173.8
2017,67,1500,1.895,500.0,33.0,500.0,6.421,172.5
2017,67,1600,1.19,500.0,33.0,500.0,11.64,215.0
2017,67,1700,0.018,500.0,33.0,500.0,0.635,207.5
